<?xml version="1.0" encoding="utf-8" ?>
<AllFaculty>
  <Faculty>
    <FacultyID>201586985</FacultyID>
    <Rank>Professor</Rank>
    <Salary>120000</Salary>
  </Faculty>
  <Faculty>
    <FacultyID>386167477</FacultyID>
    <Rank>Reader</Rank>
    <Salary>100000</Salary>
  </Faculty>
  <Faculty>
    <FacultyID>463249547</FacultyID>
    <Rank>Reader</Rank>
    <Salary>100000</Salary>
  </Faculty>
  <Faculty>
    <FacultyID>466388906</FacultyID>
    <Rank>Lecturer</Rank>
    <Salary>080000</Salary>
  </Faculty>
  <Faculty>
    <FacultyID>555010131</FacultyID>
    <Rank>Professor</Rank>
    <Salary>120000</Salary>
  </Faculty>
  <Faculty>
    <FacultyID>685744439</FacultyID>
    <Rank>Reader</Rank>
    <Salary>100000</Salary>
  </Faculty>
  <Faculty>
    <FacultyID>696335701</FacultyID>
    <Rank>Lecturer</Rank>
    <Salary>080000</Salary>
  </Faculty>
  <Faculty>
    <FacultyID>836826630</FacultyID>
    <Rank>Lecturer</Rank>
    <Salary>080000</Salary>
  </Faculty>
  <Faculty>
    <FacultyID>961874958</FacultyID>
    <Rank>Professor</Rank>
    <Salary>120000</Salary>
  </Faculty>
  <Faculty>
    <FacultyID>997111094</FacultyID>
    <Rank>Reader</Rank>
    <Salary>100000</Salary>
  </Faculty>
</AllFaculty>