<Root><increase>25.50</increase>
<increase>21.00</increase>
<increase>12.00</increase>
<increase>13.50</increase>
<increase/>
<increase>1.50</increase>
<increase/>
<increase>22.50</increase>
<increase>13.50</increase>
<increase>6.00</increase>
<increase>19.50</increase>
<increase>3.00</increase>
<increase>4.50</increase>
<increase>18.00</increase>
<increase>36.00</increase>
<increase>7.50</increase>
<increase>19.50</increase>
<increase>19.50</increase>
<increase>15.00</increase>
<increase>7.50</increase>
<increase>15.00</increase>
<increase>13.50</increase>
<increase>3.00</increase>
<increase>4.50</increase>
<increase>16.50</increase>
<increase>13.50</increase>
<increase>3.00</increase>
<increase>6.00</increase>
<increase>24.00</increase>
<increase>7.50</increase>
<increase>6.00</increase>
<increase>33.00</increase>
<increase>4.50</increase>
<increase/>
<increase>18.00</increase>
<increase>72.00</increase>
<increase>15.00</increase>
<increase/>
<increase>9.00</increase>
<increase>7.50</increase>
<increase>30.00</increase>
<increase>9.00</increase>
<increase>4.50</increase>
<increase>4.50</increase>
<increase>25.50</increase>
<increase>3.00</increase>
<increase>3.00</increase>
<increase>55.50</increase>
<increase>15.00</increase>
<increase/>
<increase>10.50</increase>
<increase>13.50</increase>
<increase>28.50</increase>
<increase>27.00</increase>
<increase>3.00</increase>
<increase>7.50</increase>
<increase/>
<increase>30.00</increase>
<increase>16.50</increase>
<increase>25.50</increase>
<increase>21.00</increase>
<increase>4.50</increase>
<increase>9.00</increase>
<increase>34.50</increase>
<increase>21.00</increase>
<increase>9.00</increase>
<increase>16.50</increase>
<increase/>
<increase>55.50</increase>
<increase>1.50</increase>
<increase/>
<increase>15.00</increase>
<increase>3.00</increase>
<increase>22.50</increase>
<increase>52.50</increase>
<increase>21.00</increase>
<increase>4.50</increase>
<increase>39.00</increase>
<increase>3.00</increase>
<increase>9.00</increase>
<increase/>
<increase/>
<increase/>
<increase>16.50</increase>
<increase>3.00</increase>
<increase>7.50</increase>
<increase/>
<increase>27.00</increase>
<increase>9.00</increase>
<increase>51.00</increase>
<increase>31.50</increase>
<increase>12.00</increase>
<increase>6.00</increase>
<increase>42.00</increase>
<increase>21.00</increase>
<increase>9.00</increase>
<increase>52.50</increase>
<increase>1.50</increase>
<increase/>
<increase>4.50</increase>
<increase>4.50</increase>
<increase>6.00</increase>
<increase>55.50</increase>
<increase>13.50</increase>
<increase>10.50</increase>
<increase>10.50</increase>
<increase>25.50</increase></Root>