<root><loop1 var="$EngineA"><loop2 var="Q1"><query>73</query><query>153</query><query>43</query></loop2><loop2 var="Q2"><query>49</query><query>40</query><query>22</query></loop2><loop2 var="Q3"><query>33</query><query>37</query><query>42</query></loop2><loop2 var="Q4"><query>26</query><query>48</query><query>30</query></loop2><loop2 var="Q5"><query>30</query><query>25</query><query>20</query></loop2></loop1><loop1 var="$EngineB"><loop2 var="Q1"><query>40</query><query>48</query><query>31</query></loop2><loop2 var="Q2"><query>56</query><query>49</query><query>51</query></loop2><loop2 var="Q3"><query>47</query><query>49</query><query>92</query></loop2><loop2 var="Q4"><query>39</query><query>80</query><query>56</query></loop2><loop2 var="Q5"><query>74</query><query>29</query><query>92</query></loop2></loop1><loop1 var="$EngineC"><loop2 var="Q1"><query>2</query><query>2</query><query>3</query></loop2><loop2 var="Q2"><query>9</query><query>18</query><query>5</query></loop2><loop2 var="Q3"><query>6</query><query>6</query><query>7</query></loop2><loop2 var="Q4"><query>8</query><query>6</query><query>14</query></loop2><loop2 var="Q5"><query>3</query><query>2</query><query>3</query></loop2></loop1>#</root>